INSERT INTO `religions` (`id`, `created_at`, `updated_at`, `deleted_at`) VALUES
(1, '2019-05-19 02:56:03', '2019-05-19 02:56:03', NULL),
(2, '2019-05-19 02:56:03', '2019-05-19 02:56:03', NULL),
(3, '2019-05-19 02:56:04', '2019-05-19 02:56:04', NULL),
(4, '2019-05-19 02:56:05', '2019-05-19 02:56:05', NULL),
(5, '2019-05-19 02:56:06', '2019-05-19 02:56:06', NULL),
(6, '2019-05-19 02:56:06', '2019-05-19 02:56:06', NULL),
(7, '2019-05-19 02:56:07', '2019-05-19 02:56:07', NULL),
(8, '2019-05-19 02:56:07', '2019-05-19 02:56:07', NULL),
(9, '2019-05-19 02:56:07', '2019-05-19 02:56:07', NULL),
(10, '2019-05-19 02:56:07', '2019-05-19 02:56:07', NULL),
(11, '2019-05-19 02:56:08', '2019-05-19 02:56:08', NULL),
(12, '2019-05-19 02:56:08', '2019-05-19 02:56:08', NULL),
(13, '2019-05-19 02:56:09', '2019-05-19 02:56:09', NULL),
(14, '2019-05-19 02:56:10', '2019-05-19 02:56:10', NULL),
(15, '2019-05-19 02:56:10', '2019-05-19 02:56:10', NULL),
(16, '2019-05-19 02:56:10', '2019-05-19 02:56:10', NULL),
(17, '2019-05-19 02:56:10', '2019-05-19 02:56:10', NULL),
(18, '2019-05-19 02:56:11', '2019-05-19 02:56:11', NULL);

INSERT INTO `religion_translations` (`id`, `religion_id`, `name`, `locale`, `created_at`, `updated_at`, `deleted_at`) VALUES
(1, 1, 'Agnostic', 'en', NULL, NULL, NULL),
(2, 1, 'لا أدري', 'ar', NULL, NULL, NULL),
(3, 2, 'Christian', 'en', NULL, NULL, NULL),
(4, 2, 'مسيحي', 'ar', NULL, NULL, NULL),
(5, 3, 'Atheist', 'en', NULL, NULL, NULL),
(6, 3, 'ملحد', 'ar', NULL, NULL, NULL),
(7, 4, 'Muslim', 'en', NULL, NULL, NULL),
(8, 4, 'مسلم', 'ar', NULL, NULL, NULL),
(9, 5, 'Baha\'i', 'en', NULL, NULL, NULL),
(10, 5, 'بهائية', 'ar', NULL, NULL, NULL),
(11, 6, 'Buddhist', 'en', NULL, NULL, NULL),
(12, 6, 'بوذي', 'ar', NULL, NULL, NULL),
(13, 7, 'Chinese Folk Religionist', 'en', NULL, NULL, NULL),
(14, 7, 'الديانة الصينية', 'ar', NULL, NULL, NULL),
(15, 8, 'Confucian', 'en', NULL, NULL, NULL),
(16, 8, 'ديانة صينية', 'ar', NULL, NULL, NULL),
(17, 9, 'Ethnic Religionist', 'en', NULL, NULL, NULL),
(18, 9, 'وثني', 'ar', NULL, NULL, NULL),
(19, 10, 'Hindu', 'en', NULL, NULL, NULL),
(20, 10, 'هندوسي', 'ar', NULL, NULL, NULL),
(21, 11, 'Jain', 'en', NULL, NULL, NULL),
(22, 11, 'روحي', 'ar', NULL, NULL, NULL),
(23, 12, 'Jewish', 'en', NULL, NULL, NULL),
(24, 12, 'يهودي', 'ar', NULL, NULL, NULL),
(25, 13, 'Nonreligious', 'en', NULL, NULL, NULL),
(26, 13, 'لا دين له', 'ar', NULL, NULL, NULL),
(27, 14, 'Other', 'en', NULL, NULL, NULL),
(28, 14, 'غير ذلك', 'ar', NULL, NULL, NULL),
(29, 15, 'Shintoist', 'en', NULL, NULL, NULL),
(30, 15, 'فطري', 'ar', NULL, NULL, NULL),
(31, 16, 'Sikh', 'en', NULL, NULL, NULL),
(32, 16, 'توحيدي', 'ar', NULL, NULL, NULL),
(33, 17, 'Spiritist', 'en', NULL, NULL, NULL),
(34, 17, 'روحاني', 'ar', NULL, NULL, NULL),
(35, 18, 'Unknown', 'en', NULL, NULL, NULL),
(36, 18, 'غير معروف', 'ar', NULL, NULL, NULL);

INSERT INTO `ideologies` (`id`, `religion_id`, `created_at`, `updated_at`, `deleted_at`) VALUES
(1, 2, '2019-05-19 02:56:03', '2019-05-19 02:56:03', NULL),
(2, 4, '2019-05-19 02:56:05', '2019-05-19 02:56:05', NULL),
(3, 4, '2019-05-19 02:56:05', '2019-05-19 02:56:05', NULL),
(4, 4, '2019-05-19 02:56:06', '2019-05-19 02:56:06', NULL),
(5, 6, '2019-05-19 02:56:06', '2019-05-19 02:56:06', NULL),
(6, 10, '2019-05-19 02:56:08', '2019-05-19 02:56:08', NULL),
(7, 12, '2019-05-19 02:56:09', '2019-05-19 02:56:09', NULL),
(8, 12, '2019-05-19 02:56:09', '2019-05-19 02:56:09', NULL);

INSERT INTO `ideology_translations` (`id`, `ideology_id`, `name`, `locale`, `created_at`, `updated_at`, `deleted_at`) VALUES
(1, 1, 'African Methodist Episcopal', 'en', NULL, NULL, NULL),
(2, 1, 'غير ذلك', 'ar', NULL, NULL, NULL),
(3, 2, 'Sunni', 'en', NULL, NULL, NULL),
(4, 2, 'سني', 'ar', NULL, NULL, NULL),
(5, 3, 'Shiite', 'en', NULL, NULL, NULL),
(6, 3, 'شيعي', 'ar', NULL, NULL, NULL),
(7, 4, 'Other', 'en', NULL, NULL, NULL),
(8, 4, 'غير ذلك', 'ar', NULL, NULL, NULL),
(9, 5, 'Mahayana', 'en', NULL, NULL, NULL),
(10, 5, 'غير ذلك', 'ar', NULL, NULL, NULL),
(11, 6, 'Other', 'en', NULL, NULL, NULL),
(12, 6, 'غير ذلك', 'ar', NULL, NULL, NULL),
(13, 7, 'Conservative', 'en', NULL, NULL, NULL),
(14, 7, 'محافظ', 'ar', NULL, NULL, NULL),
(15, 8, 'Orthodox', 'en', NULL, NULL, NULL),
(16, 8, 'أرثوذكسي', 'ar', NULL, NULL, NULL);
