INSERT INTO `countries` (`id`, `country_code`, `created_at`, `updated_at`, `deleted_at`) VALUES
(1, 'SYR', '2019-05-13 03:47:02', '2019-05-13 03:47:02', NULL),
(2, 'SAU', '2019-05-13 03:47:12', '2019-05-13 03:47:12', NULL),
(3, 'AZE', '2019-05-13 03:47:18', '2019-05-13 03:47:18', NULL),
(4, 'ARM', '2019-05-13 03:47:18', '2019-05-13 03:47:18', NULL),
(5, 'ABW', '2019-05-13 03:47:18', '2019-05-13 03:47:18', NULL),
(6, 'AFG', '2019-05-13 03:47:19', '2019-05-13 03:47:19', NULL),
(7, 'ALB', '2019-05-13 03:47:19', '2019-05-13 03:47:19', NULL),
(8, 'ASM', '2019-05-13 03:47:19', '2019-05-13 03:47:19', NULL),
(9, 'ATA', '2019-05-13 03:47:19', '2019-05-13 03:47:19', NULL),
(10, 'ATG', '2019-05-13 03:47:19', '2019-05-13 03:47:19', NULL),
(11, 'AGO', '2019-05-13 03:47:20', '2019-05-13 03:47:20', NULL),
(12, 'AIA', '2019-05-13 03:47:20', '2019-05-13 03:47:20', NULL),
(13, 'URY', '2019-05-13 03:47:20', '2019-05-13 03:47:20', NULL),
(14, 'UZB', '2019-05-13 03:47:20', '2019-05-13 03:47:20', NULL),
(15, 'UGA', '2019-05-13 03:47:20', '2019-05-13 03:47:20', NULL),
(16, 'UKR', '2019-05-13 03:47:21', '2019-05-13 03:47:21', NULL),
(17, 'ERI', '2019-05-13 03:47:21', '2019-05-13 03:47:21', NULL),
(18, 'IOT', '2019-05-13 03:47:21', '2019-05-13 03:47:21', NULL),
(19, 'ECU', '2019-05-13 03:47:21', '2019-05-13 03:47:21', NULL),
(20, 'ETH', '2019-05-13 03:47:22', '2019-05-13 03:47:22', NULL),
(21, 'ESP', '2019-05-13 03:47:22', '2019-05-13 03:47:22', NULL),
(22, 'AUS', '2019-05-13 03:47:22', '2019-05-13 03:47:22', NULL),
(23, 'EST', '2019-05-13 03:47:22', '2019-05-13 03:47:22', NULL),
(24, 'ARG', '2019-05-13 03:47:23', '2019-05-13 03:47:23', NULL),
(25, 'ATF', '2019-05-13 03:47:23', '2019-05-13 03:47:23', NULL),
(26, 'ARE', '2019-05-13 03:47:23', '2019-05-13 03:47:23', NULL),
(27, 'RUS', '2019-05-13 03:47:23', '2019-05-13 03:47:23', NULL),
(28, 'JOR', '2019-05-13 03:47:23', '2019-05-13 03:47:23', NULL),
(29, 'PRT', '2019-05-13 03:47:24', '2019-05-13 03:47:24', NULL),
(30, 'BIH', '2019-05-13 03:47:24', '2019-05-13 03:47:24', NULL),
(31, 'DZA', '2019-05-13 03:47:24', '2019-05-13 03:47:24', NULL),
(32, 'DNK', '2019-05-13 03:47:24', '2019-05-13 03:47:24', NULL),
(33, 'CPV', '2019-05-13 03:47:25', '2019-05-13 03:47:25', NULL),
(34, 'SDN', '2019-05-13 03:47:25', '2019-05-13 03:47:25', NULL),
(35, 'SWE', '2019-05-13 03:47:25', '2019-05-13 03:47:25', NULL),
(36, 'SOM', '2019-05-13 03:47:25', '2019-05-13 03:47:25', NULL),
(37, 'CHN', '2019-05-13 03:47:25', '2019-05-13 03:47:25', NULL),
(38, 'VGB', '2019-05-13 03:47:26', '2019-05-13 03:47:26', NULL),
(39, 'IRQ', '2019-05-13 03:47:26', '2019-05-13 03:47:26', NULL),
(40, 'ESH', '2019-05-13 03:47:26', '2019-05-13 03:47:26', NULL),
(41, 'PHL', '2019-05-13 03:47:26', '2019-05-13 03:47:26', NULL),
(42, 'MYT', '2019-05-13 03:47:27', '2019-05-13 03:47:27', NULL),
(43, 'DEU', '2019-05-13 03:47:27', '2019-05-13 03:47:27', NULL),
(44, 'MAR', '2019-05-13 03:47:27', '2019-05-13 03:47:27', NULL),
(45, 'MEX', '2019-05-13 03:47:27', '2019-05-13 03:47:27', NULL),
(46, 'GBR', '2019-05-13 03:47:28', '2019-05-13 03:47:28', NULL),
(47, 'IND', '2019-05-13 03:47:28', '2019-05-13 03:47:28', NULL),
(48, 'USA', '2019-05-13 03:47:28', '2019-05-13 03:47:28', NULL),
(49, 'JPN', '2019-05-13 03:47:28', '2019-05-13 03:47:28', NULL),
(50, 'YEM', '2019-05-13 03:47:28', '2019-05-13 03:47:28', NULL),
(51, 'GRC', '2019-05-13 03:47:29', '2019-05-13 03:47:29', NULL),
(52, 'AND', '2019-05-13 03:47:29', '2019-05-13 03:47:29', NULL),
(53, 'IDN', '2019-05-13 03:47:29', '2019-05-13 03:47:29', NULL),
(54, 'IRL', '2019-05-13 03:47:30', '2019-05-13 03:47:30', NULL),
(55, 'ISL', '2019-05-13 03:47:30', '2019-05-13 03:47:30', NULL),
(56, 'ITA', '2019-05-13 03:47:30', '2019-05-13 03:47:30', NULL),
(57, 'PNG', '2019-05-13 03:47:30', '2019-05-13 03:47:30', NULL),
(58, 'PRY', '2019-05-13 03:47:30', '2019-05-13 03:47:30', NULL),
(59, 'PAK', '2019-05-13 03:47:31', '2019-05-13 03:47:31', NULL),
(60, 'PLW', '2019-05-13 03:47:31', '2019-05-13 03:47:31', NULL),
(61, 'BHR', '2019-05-13 03:47:31', '2019-05-13 03:47:31', NULL),
(62, 'BRA', '2019-05-13 03:47:31', '2019-05-13 03:47:31', NULL),
(63, 'BRB', '2019-05-13 03:47:31', '2019-05-13 03:47:31', NULL),
(64, 'BEL', '2019-05-13 03:47:31', '2019-05-13 03:47:31', NULL),
(65, 'BGR', '2019-05-13 03:47:32', '2019-05-13 03:47:32', NULL),
(66, 'BLZ', '2019-05-13 03:47:32', '2019-05-13 03:47:32', NULL),
(67, 'BGD', '2019-05-13 03:47:32', '2019-05-13 03:47:32', NULL),
(68, 'PAN', '2019-05-13 03:47:32', '2019-05-13 03:47:32', NULL),
(69, 'BTN', '2019-05-13 03:47:33', '2019-05-13 03:47:33', NULL),
(70, 'BWA', '2019-05-13 03:47:33', '2019-05-13 03:47:33', NULL),
(71, 'PRI', '2019-05-13 03:47:33', '2019-05-13 03:47:33', NULL),
(72, 'BDI', '2019-05-13 03:47:33', '2019-05-13 03:47:33', NULL),
(73, 'POL', '2019-05-13 03:47:34', '2019-05-13 03:47:34', NULL),
(74, 'BOL', '2019-05-13 03:47:34', '2019-05-13 03:47:34', NULL),
(75, 'PYF', '2019-05-13 03:47:34', '2019-05-13 03:47:34', NULL),
(76, 'PCN', '2019-05-13 03:47:35', '2019-05-13 03:47:35', NULL),
(77, 'PER', '2019-05-13 03:47:35', '2019-05-13 03:47:35', NULL),
(78, 'BLR', '2019-05-13 03:47:35', '2019-05-13 03:47:35', NULL),
(79, 'THA', '2019-05-13 03:47:35', '2019-05-13 03:47:35', NULL),
(80, 'TKM', '2019-05-13 03:47:35', '2019-05-13 03:47:35', NULL),
(81, 'TUR', '2019-05-13 03:47:36', '2019-05-13 03:47:36', NULL),
(82, 'TTO', '2019-05-13 03:47:36', '2019-05-13 03:47:36', NULL),
(83, 'TCD', '2019-05-13 03:47:36', '2019-05-13 03:47:36', NULL),
(84, 'CHL', '2019-05-13 03:47:36', '2019-05-13 03:47:36', NULL),
(85, 'TGO', '2019-05-13 03:47:37', '2019-05-13 03:47:37', NULL),
(86, 'TUV', '2019-05-13 03:47:37', '2019-05-13 03:47:37', NULL),
(87, 'TKL', '2019-05-13 03:47:37', '2019-05-13 03:47:37', NULL),
(88, 'TUN', '2019-05-13 03:47:37', '2019-05-13 03:47:37', NULL),
(89, 'TON', '2019-05-13 03:47:37', '2019-05-13 03:47:37', NULL),
(90, 'JAM', '2019-05-13 03:47:38', '2019-05-13 03:47:38', NULL),
(91, 'GIB', '2019-05-13 03:47:38', '2019-05-13 03:47:38', NULL),
(92, 'GRL', '2019-05-13 03:47:38', '2019-05-13 03:47:38', NULL),
(93, 'BHS', '2019-05-13 03:47:38', '2019-05-13 03:47:38', NULL),
(94, 'VIR', '2019-05-13 03:47:38', '2019-05-13 03:47:38', NULL),
(95, 'FLK', '2019-05-13 03:47:39', '2019-05-13 03:47:39', NULL),
(96, 'UMI', '2019-05-13 03:47:39', '2019-05-13 03:47:39', NULL),
(97, 'TCA', '2019-05-13 03:47:39', '2019-05-13 03:47:39', NULL),
(98, 'HMD', '2019-05-13 03:47:39', '2019-05-13 03:47:39', NULL),
(99, 'SJM', '2019-05-13 03:47:40', '2019-05-13 03:47:40', NULL),
(100, 'SLB', '2019-05-13 03:47:40', '2019-05-13 03:47:40', NULL),
(101, 'FRO', '2019-05-13 03:47:41', '2019-05-13 03:47:41', NULL),
(102, 'CYM', '2019-05-13 03:47:41', '2019-05-13 03:47:41', NULL),
(103, 'CCK', '2019-05-13 03:47:41', '2019-05-13 03:47:41', NULL),
(104, 'MNP', '2019-05-13 03:47:42', '2019-05-13 03:47:42', NULL),
(105, 'WLF', '2019-05-13 03:47:42', '2019-05-13 03:47:42', NULL),
(106, 'CXR', '2019-05-13 03:47:42', '2019-05-13 03:47:42', NULL),
(107, 'BVT', '2019-05-13 03:47:42', '2019-05-13 03:47:42', NULL),
(108, 'COK', '2019-05-13 03:47:43', '2019-05-13 03:47:43', NULL),
(109, 'NFK', '2019-05-13 03:47:43', '2019-05-13 03:47:43', NULL),
(110, 'IRN', '2019-05-13 03:47:43', '2019-05-13 03:47:43', NULL),
(111, 'TZA', '2019-05-13 03:47:44', '2019-05-13 03:47:44', NULL),
(112, 'KOR', '2019-05-13 03:47:44', '2019-05-13 03:47:44', NULL),
(113, 'LAO', '2019-05-13 03:47:44', '2019-05-13 03:47:44', NULL),
(114, 'ZAF', '2019-05-13 03:47:44', '2019-05-13 03:47:44', NULL),
(115, 'GEO', '2019-05-13 03:47:45', '2019-05-13 03:47:45', NULL),
(116, 'GUF', '2019-05-13 03:47:45', '2019-05-13 03:47:45', NULL),
(117, 'VAT', '2019-05-13 03:47:45', '2019-05-13 03:47:45', NULL),
(118, 'RWA', '2019-05-13 03:47:46', '2019-05-13 03:47:46', NULL),
(119, 'ROU', '2019-05-13 03:47:46', '2019-05-13 03:47:46', NULL),
(120, 'REU', '2019-05-13 03:47:46', '2019-05-13 03:47:46', NULL),
(121, 'ZMB', '2019-05-13 03:47:46', '2019-05-13 03:47:46', NULL),
(122, 'ZWE', '2019-05-13 03:47:47', '2019-05-13 03:47:47', NULL),
(123, 'WSM', '2019-05-13 03:47:47', '2019-05-13 03:47:47', NULL),
(124, 'SMR', '2019-05-13 03:47:48', '2019-05-13 03:47:48', NULL),
(125, 'KNA', '2019-05-13 03:47:48', '2019-05-13 03:47:48', NULL),
(126, 'LCA', '2019-05-13 03:47:48', '2019-05-13 03:47:48', NULL),
(127, 'SPM', '2019-05-13 03:47:49', '2019-05-13 03:47:49', NULL),
(128, 'SHN', '2019-05-13 03:47:49', '2019-05-13 03:47:49', NULL),
(129, 'STP', '2019-05-13 03:47:49', '2019-05-13 03:47:49', NULL),
(130, 'LKA', '2019-05-13 03:47:50', '2019-05-13 03:47:50', NULL),
(131, 'SLV', '2019-05-13 03:47:50', '2019-05-13 03:47:50', NULL),
(132, 'SVK', '2019-05-13 03:47:50', '2019-05-13 03:47:50', NULL),
(133, 'SVN', '2019-05-13 03:47:50', '2019-05-13 03:47:50', NULL),
(134, 'SGP', '2019-05-13 03:47:50', '2019-05-13 03:47:50', NULL),
(135, 'SEN', '2019-05-13 03:47:51', '2019-05-13 03:47:51', NULL),
(136, 'SWZ', '2019-05-13 03:47:51', '2019-05-13 03:47:51', NULL),
(137, 'SUR', '2019-05-13 03:47:51', '2019-05-13 03:47:51', NULL),
(138, 'CHE', '2019-05-13 03:47:51', '2019-05-13 03:47:51', NULL),
(139, 'SLE', '2019-05-13 03:47:51', '2019-05-13 03:47:51', NULL),
(140, 'SYC', '2019-05-13 03:47:52', '2019-05-13 03:47:52', NULL),
(141, 'TJK', '2019-05-13 03:47:52', '2019-05-13 03:47:52', NULL),
(142, 'OMN', '2019-05-13 03:47:52', '2019-05-13 03:47:52', NULL),
(143, 'GAB', '2019-05-13 03:47:52', '2019-05-13 03:47:52', NULL),
(144, 'GMB', '2019-05-13 03:47:52', '2019-05-13 03:47:52', NULL),
(145, 'GHA', '2019-05-13 03:47:53', '2019-05-13 03:47:53', NULL),
(146, 'GRD', '2019-05-13 03:47:53', '2019-05-13 03:47:53', NULL),
(147, 'GTM', '2019-05-13 03:47:53', '2019-05-13 03:47:53', NULL),
(148, 'GLP', '2019-05-13 03:47:53', '2019-05-13 03:47:53', NULL),
(149, 'GUM', '2019-05-13 03:47:53', '2019-05-13 03:47:53', NULL),
(150, 'GUY', '2019-05-13 03:47:54', '2019-05-13 03:47:54', NULL),
(151, 'GIN', '2019-05-13 03:47:54', '2019-05-13 03:47:54', NULL),
(152, 'GNB', '2019-05-13 03:47:54', '2019-05-13 03:47:54', NULL),
(153, 'VUT', '2019-05-13 03:47:54', '2019-05-13 03:47:54', NULL),
(154, 'FRA', '2019-05-13 03:47:54', '2019-05-13 03:47:54', NULL),
(155, 'PSE', '2019-05-13 03:47:55', '2019-05-13 03:47:55', NULL),
(156, 'VEN', '2019-05-13 03:47:55', '2019-05-13 03:47:55', NULL),
(157, 'VCT', '2019-05-13 03:47:55', '2019-05-13 03:47:55', NULL),
(158, 'FIN', '2019-05-13 03:47:55', '2019-05-13 03:47:55', NULL),
(159, 'FJI', '2019-05-13 03:47:55', '2019-05-13 03:47:55', NULL),
(160, 'VNM', '2019-05-13 03:47:56', '2019-05-13 03:47:56', NULL),
(161, 'QAT', '2019-05-13 03:47:56', '2019-05-13 03:47:56', NULL),
(162, 'KGZ', '2019-05-13 03:47:56', '2019-05-13 03:47:56', NULL),
(163, 'KAZ', '2019-05-13 03:47:56', '2019-05-13 03:47:56', NULL),
(164, 'NCL', '2019-05-13 03:47:56', '2019-05-13 03:47:56', NULL),
(165, 'CMR', '2019-05-13 03:47:56', '2019-05-13 03:47:56', NULL),
(166, 'HRV', '2019-05-13 03:47:57', '2019-05-13 03:47:57', NULL),
(167, 'KHM', '2019-05-13 03:47:57', '2019-05-13 03:47:57', NULL),
(168, 'CAN', '2019-05-13 03:47:57', '2019-05-13 03:47:57', NULL),
(169, 'PRK', '2019-05-13 03:47:57', '2019-05-13 03:47:57', NULL),
(170, 'CRI', '2019-05-13 03:47:58', '2019-05-13 03:47:58', NULL),
(171, 'COL', '2019-05-13 03:47:58', '2019-05-13 03:47:58', NULL),
(172, 'COG', '2019-05-13 03:47:58', '2019-05-13 03:47:58', NULL),
(173, 'KWT', '2019-05-13 03:47:58', '2019-05-13 03:47:58', NULL),
(174, 'KIR', '2019-05-13 03:47:58', '2019-05-13 03:47:58', NULL),
(175, 'KEN', '2019-05-13 03:47:59', '2019-05-13 03:47:59', NULL),
(176, 'LVA', '2019-05-13 03:47:59', '2019-05-13 03:47:59', NULL),
(177, 'LBN', '2019-05-13 03:47:59', '2019-05-13 03:47:59', NULL),
(178, 'LUX', '2019-05-13 03:47:59', '2019-05-13 03:47:59', NULL),
(179, 'LBY', '2019-05-13 03:47:59', '2019-05-13 03:47:59', NULL),
(180, 'LBR', '2019-05-13 03:48:00', '2019-05-13 03:48:00', NULL),
(181, 'LTU', '2019-05-13 03:48:00', '2019-05-13 03:48:00', NULL),
(182, 'LIE', '2019-05-13 03:48:00', '2019-05-13 03:48:00', NULL),
(183, 'LSO', '2019-05-13 03:48:00', '2019-05-13 03:48:00', NULL),
(184, 'MTQ', '2019-05-13 03:48:00', '2019-05-13 03:48:00', NULL),
(185, 'MHL', '2019-05-13 03:48:01', '2019-05-13 03:48:01', NULL),
(186, 'MAC', '2019-05-13 03:48:01', '2019-05-13 03:48:01', NULL),
(187, 'MDV', '2019-05-13 03:48:01', '2019-05-13 03:48:01', NULL),
(188, 'MLT', '2019-05-13 03:48:02', '2019-05-13 03:48:02', NULL),
(189, 'MLI', '2019-05-13 03:48:02', '2019-05-13 03:48:02', NULL),
(190, 'MYS', '2019-05-13 03:48:02', '2019-05-13 03:48:02', NULL),
(191, 'MDG', '2019-05-13 03:48:02', '2019-05-13 03:48:02', NULL),
(192, 'EGY', '2019-05-13 03:48:03', '2019-05-13 03:48:03', NULL),
(193, 'TWN', '2019-05-13 03:48:03', '2019-05-13 03:48:03', NULL),
(194, 'MKD', '2019-05-13 03:48:03', '2019-05-13 03:48:03', NULL),
(195, 'MWI', '2019-05-13 03:48:03', '2019-05-13 03:48:03', NULL),
(196, 'MNG', '2019-05-13 03:48:04', '2019-05-13 03:48:04', NULL),
(197, 'MRT', '2019-05-13 03:48:04', '2019-05-13 03:48:04', NULL),
(198, 'MUS', '2019-05-13 03:48:04', '2019-05-13 03:48:04', NULL),
(199, 'MOZ', '2019-05-13 03:48:04', '2019-05-13 03:48:04', NULL),
(200, 'MDA', '2019-05-13 03:48:05', '2019-05-13 03:48:05', NULL),
(201, 'MCO', '2019-05-13 03:48:05', '2019-05-13 03:48:05', NULL),
(202, 'MSR', '2019-05-13 03:48:05', '2019-05-13 03:48:05', NULL),
(203, 'MMR', '2019-05-13 03:48:05', '2019-05-13 03:48:05', NULL),
(204, 'FSM', '2019-05-13 03:48:05', '2019-05-13 03:48:05', NULL),
(205, 'NAM', '2019-05-13 03:48:06', '2019-05-13 03:48:06', NULL),
(206, 'NRU', '2019-05-13 03:48:06', '2019-05-13 03:48:06', NULL),
(207, 'NOR', '2019-05-13 03:48:06', '2019-05-13 03:48:06', NULL),
(208, 'AUT', '2019-05-13 03:48:06', '2019-05-13 03:48:06', NULL),
(209, 'NPL', '2019-05-13 03:48:06', '2019-05-13 03:48:06', NULL),
(210, 'NER', '2019-05-13 03:48:07', '2019-05-13 03:48:07', NULL),
(211, 'NGA', '2019-05-13 03:48:07', '2019-05-13 03:48:07', NULL),
(212, 'NIC', '2019-05-13 03:48:07', '2019-05-13 03:48:07', NULL),
(213, 'NZL', '2019-05-13 03:48:07', '2019-05-13 03:48:07', NULL),
(214, 'NIU', '2019-05-13 03:48:08', '2019-05-13 03:48:08', NULL),
(215, 'HTI', '2019-05-13 03:48:08', '2019-05-13 03:48:08', NULL),
(216, 'HND', '2019-05-13 03:48:08', '2019-05-13 03:48:08', NULL),
(217, 'HUN', '2019-05-13 03:48:08', '2019-05-13 03:48:08', NULL),
(218, 'NLD', '2019-05-13 03:48:08', '2019-05-13 03:48:08', NULL),
(219, 'HKG', '2019-05-13 03:48:09', '2019-05-13 03:48:09', NULL);

-- --------------------------------------------------------

INSERT INTO `country_translations` (`id`, `country_id`, `name`, `locale`, `created_at`, `updated_at`, `deleted_at`) VALUES
(1, 1, 'Syrian Arab Republic', 'en', NULL, NULL, NULL),
(2, 1, 'سورية', 'ar', NULL, NULL, NULL),
(3, 2, 'Saudi Arabia', 'en', NULL, NULL, NULL),
(4, 2, 'المملكة العربية السعودية', 'ar', NULL, NULL, NULL),
(5, 3, 'Afghanistan', 'en', NULL, NULL, NULL),
(6, 3, 'أذربيجان', 'ar', NULL, NULL, NULL),
(7, 4, 'Albania', 'en', NULL, NULL, NULL),
(8, 4, 'أرمينيا', 'ar', NULL, NULL, NULL),
(9, 5, 'Algeria', 'en', NULL, NULL, NULL),
(10, 5, 'أروبا', 'ar', NULL, NULL, NULL),
(11, 6, 'American Samoa', 'en', NULL, NULL, NULL),
(12, 6, 'أفغانستان', 'ar', NULL, NULL, NULL),
(13, 7, 'Andorra', 'en', NULL, NULL, NULL),
(14, 7, 'ألبانيا', 'ar', NULL, NULL, NULL),
(15, 8, 'Angola', 'en', NULL, NULL, NULL),
(16, 8, 'أمريكية', 'ar', NULL, NULL, NULL),
(17, 9, 'Anguilla', 'en', NULL, NULL, NULL),
(18, 9, 'أنتاركتيكا', 'ar', NULL, NULL, NULL),
(19, 10, 'Antarctica', 'en', NULL, NULL, NULL),
(20, 10, 'أنتيغوا', 'ar', NULL, NULL, NULL),
(21, 11, 'Antigua and Barbuda', 'en', NULL, NULL, NULL),
(22, 11, 'أنغولا', 'ar', NULL, NULL, NULL),
(23, 12, 'Argentina', 'en', NULL, NULL, NULL),
(24, 12, 'أنغيلا', 'ar', NULL, NULL, NULL),
(25, 13, 'Armenia', 'en', NULL, NULL, NULL),
(26, 13, 'أوروغواي', 'ar', NULL, NULL, NULL),
(27, 14, 'Aruba', 'en', NULL, NULL, NULL),
(28, 14, 'أوزبكستان', 'ar', NULL, NULL, NULL),
(29, 15, 'Australia', 'en', NULL, NULL, NULL),
(30, 15, 'أوغندا', 'ar', NULL, NULL, NULL),
(31, 16, 'Austria', 'en', NULL, NULL, NULL),
(32, 16, 'أوكرانيا', 'ar', NULL, NULL, NULL),
(33, 17, 'Azerbaijan', 'en', NULL, NULL, NULL),
(34, 17, 'إريتريا', 'ar', NULL, NULL, NULL),
(35, 18, 'Bahamas', 'en', NULL, NULL, NULL),
(36, 18, 'إقليم المحيط الهندي البريطاني', 'ar', NULL, NULL, NULL),
(37, 19, 'Bahrain', 'en', NULL, NULL, NULL),
(38, 19, 'إكوادور', 'ar', NULL, NULL, NULL),
(39, 20, 'Bangladesh', 'en', NULL, NULL, NULL),
(40, 20, 'اثيوبيا', 'ar', NULL, NULL, NULL),
(41, 21, 'Barbados', 'en', NULL, NULL, NULL),
(42, 21, 'اسبانيا', 'ar', NULL, NULL, NULL),
(43, 22, 'Belarus', 'en', NULL, NULL, NULL),
(44, 22, 'استراليا', 'ar', NULL, NULL, NULL),
(45, 23, 'Belgium', 'en', NULL, NULL, NULL),
(46, 23, 'استونيا', 'ar', NULL, NULL, NULL),
(47, 24, 'Belize', 'en', NULL, NULL, NULL),
(48, 24, 'الأرجنتين', 'ar', NULL, NULL, NULL),
(49, 25, 'Benin', 'en', NULL, NULL, NULL),
(50, 25, 'الأقاليم الجنوبية الفرنسية', 'ar', NULL, NULL, NULL),
(51, 26, 'Bermuda', 'en', NULL, NULL, NULL),
(52, 26, 'الإمارات العربية المتحدة', 'ar', NULL, NULL, NULL),
(53, 27, 'Bhutan', 'en', NULL, NULL, NULL),
(54, 27, 'الاتحاد الروسي', 'ar', NULL, NULL, NULL),
(55, 28, 'Bolivia (Plurinational State of)', 'en', NULL, NULL, NULL),
(56, 28, 'الاردن', 'ar', NULL, NULL, NULL),
(57, 29, 'Bonaire, Sint Eustatius and Saba', 'en', NULL, NULL, NULL),
(58, 29, 'البرتغال', 'ar', NULL, NULL, NULL),
(59, 30, 'Bosnia and Herzegovina', 'en', NULL, NULL, NULL),
(60, 30, 'البوسنة والهرسك', 'ar', NULL, NULL, NULL),
(61, 31, 'Botswana', 'en', NULL, NULL, NULL),
(62, 31, 'الجزائر', 'ar', NULL, NULL, NULL),
(63, 32, 'Bouvet Island', 'en', NULL, NULL, NULL),
(64, 32, 'الدنمارك', 'ar', NULL, NULL, NULL),
(65, 33, 'Brazil', 'en', NULL, NULL, NULL),
(66, 33, 'الرأس الأخضر', 'ar', NULL, NULL, NULL),
(67, 34, 'British Indian Ocean Territory', 'en', NULL, NULL, NULL),
(68, 34, 'السودان', 'ar', NULL, NULL, NULL),
(69, 35, 'Brunei Darussalam', 'en', NULL, NULL, NULL),
(70, 35, 'السويد', 'ar', NULL, NULL, NULL),
(71, 36, 'Bulgaria', 'en', NULL, NULL, NULL),
(72, 36, 'الصومال', 'ar', NULL, NULL, NULL),
(73, 37, 'Burkina Faso', 'en', NULL, NULL, NULL),
(74, 37, 'الصين', 'ar', NULL, NULL, NULL),
(75, 38, 'Burundi', 'en', NULL, NULL, NULL),
(76, 38, 'العذراء', 'ar', NULL, NULL, NULL),
(77, 39, 'Cabo Verde', 'en', NULL, NULL, NULL),
(78, 39, 'العراق', 'ar', NULL, NULL, NULL),
(79, 40, 'Cambodia', 'en', NULL, NULL, NULL),
(80, 40, 'الغربية', 'ar', NULL, NULL, NULL),
(81, 41, 'Cameroon', 'en', NULL, NULL, NULL),
(82, 41, 'الفلبين', 'ar', NULL, NULL, NULL),
(83, 42, 'Canada', 'en', NULL, NULL, NULL),
(84, 42, 'القمرية', 'ar', NULL, NULL, NULL),
(85, 43, 'Cayman Islands', 'en', NULL, NULL, NULL),
(86, 43, 'المانيا', 'ar', NULL, NULL, NULL),
(87, 44, 'Central African Republic', 'en', NULL, NULL, NULL),
(88, 44, 'المغرب', 'ar', NULL, NULL, NULL),
(89, 45, 'Chad', 'en', NULL, NULL, NULL),
(90, 45, 'المكسيك', 'ar', NULL, NULL, NULL),
(91, 46, 'Chile', 'en', NULL, NULL, NULL),
(92, 46, 'المملكة المتحدة', 'ar', NULL, NULL, NULL),
(93, 47, 'China', 'en', NULL, NULL, NULL),
(94, 47, 'الهند', 'ar', NULL, NULL, NULL),
(95, 48, 'Christmas Island', 'en', NULL, NULL, NULL),
(96, 48, 'الولايات المتحدة', 'ar', NULL, NULL, NULL),
(97, 49, 'Cocos (Keeling) Islands', 'en', NULL, NULL, NULL),
(98, 49, 'اليابان', 'ar', NULL, NULL, NULL),
(99, 50, 'Colombia', 'en', NULL, NULL, NULL),
(100, 50, 'اليمن', 'ar', NULL, NULL, NULL),
(101, 51, 'Comoros', 'en', NULL, NULL, NULL),
(102, 51, 'اليونان', 'ar', NULL, NULL, NULL),
(103, 52, 'Congo', 'en', NULL, NULL, NULL),
(104, 52, 'اندورا', 'ar', NULL, NULL, NULL),
(105, 53, 'Congo (Democratic Republic of the)', 'en', NULL, NULL, NULL),
(106, 53, 'اندونيسيا', 'ar', NULL, NULL, NULL),
(107, 54, 'Cook Islands', 'en', NULL, NULL, NULL),
(108, 54, 'ايرلندا', 'ar', NULL, NULL, NULL),
(109, 55, 'Costa Rica', 'en', NULL, NULL, NULL),
(110, 55, 'ايسلندا', 'ar', NULL, NULL, NULL),
(111, 56, 'Croatia', 'en', NULL, NULL, NULL),
(112, 56, 'ايطاليا', 'ar', NULL, NULL, NULL),
(113, 57, 'Cuba', 'en', NULL, NULL, NULL),
(114, 57, 'بابوا غينيا الجديدة', 'ar', NULL, NULL, NULL),
(115, 58, 'Curaçao', 'en', NULL, NULL, NULL),
(116, 58, 'باراغواي', 'ar', NULL, NULL, NULL),
(117, 59, 'Cyprus', 'en', NULL, NULL, NULL),
(118, 59, 'باكستان', 'ar', NULL, NULL, NULL),
(119, 60, 'Czech Republic', 'en', NULL, NULL, NULL),
(120, 60, 'بالاو', 'ar', NULL, NULL, NULL),
(121, 61, 'Côte d\'Ivoire', 'en', NULL, NULL, NULL),
(122, 61, 'بحرين', 'ar', NULL, NULL, NULL),
(123, 62, 'Denmark', 'en', NULL, NULL, NULL),
(124, 62, 'برازيل', 'ar', NULL, NULL, NULL),
(125, 63, 'Djibouti', 'en', NULL, NULL, NULL),
(126, 63, 'بربادوس', 'ar', NULL, NULL, NULL),
(127, 64, 'Dominica', 'en', NULL, NULL, NULL),
(128, 64, 'بلجيكا', 'ar', NULL, NULL, NULL),
(129, 65, 'Dominican Republic', 'en', NULL, NULL, NULL),
(130, 65, 'بلغاريا', 'ar', NULL, NULL, NULL),
(131, 66, 'Ecuador', 'en', NULL, NULL, NULL),
(132, 66, 'بليز', 'ar', NULL, NULL, NULL),
(133, 67, 'Egypt', 'en', NULL, NULL, NULL),
(134, 67, 'بنغلاديش', 'ar', NULL, NULL, NULL),
(135, 68, 'El Salvador', 'en', NULL, NULL, NULL),
(136, 68, 'بنما', 'ar', NULL, NULL, NULL),
(137, 69, 'Equatorial Guinea', 'en', NULL, NULL, NULL),
(138, 69, 'بوتان', 'ar', NULL, NULL, NULL),
(139, 70, 'Eritrea', 'en', NULL, NULL, NULL),
(140, 70, 'بوتسوانا', 'ar', NULL, NULL, NULL),
(141, 71, 'Estonia', 'en', NULL, NULL, NULL),
(142, 71, 'بورتوريكو', 'ar', NULL, NULL, NULL),
(143, 72, 'Ethiopia', 'en', NULL, NULL, NULL),
(144, 72, 'بوروندي', 'ar', NULL, NULL, NULL),
(145, 73, 'Falkland Islands (Malvinas)', 'en', NULL, NULL, NULL),
(146, 73, 'بولندا', 'ar', NULL, NULL, NULL),
(147, 74, 'Faroe Islands', 'en', NULL, NULL, NULL),
(148, 74, 'بوليفيا', 'ar', NULL, NULL, NULL),
(149, 75, 'Fiji', 'en', NULL, NULL, NULL),
(150, 75, 'بولينيزيا الفرنسية', 'ar', NULL, NULL, NULL),
(151, 76, 'Finland', 'en', NULL, NULL, NULL),
(152, 76, 'بيتكرن', 'ar', NULL, NULL, NULL),
(153, 77, 'France', 'en', NULL, NULL, NULL),
(154, 77, 'بيرو', 'ar', NULL, NULL, NULL),
(155, 78, 'French Guiana', 'en', NULL, NULL, NULL),
(156, 78, 'بيلاروس', 'ar', NULL, NULL, NULL),
(157, 79, 'French Polynesia', 'en', NULL, NULL, NULL),
(158, 79, 'تايلاند', 'ar', NULL, NULL, NULL),
(159, 80, 'French Southern Territories', 'en', NULL, NULL, NULL),
(160, 80, 'تركمانستان', 'ar', NULL, NULL, NULL),
(161, 81, 'Gabon', 'en', NULL, NULL, NULL),
(162, 81, 'تركيا', 'ar', NULL, NULL, NULL),
(163, 82, 'Gambia', 'en', NULL, NULL, NULL),
(164, 82, 'ترينيداد و توباكو', 'ar', NULL, NULL, NULL),
(165, 83, 'Georgia', 'en', NULL, NULL, NULL),
(166, 83, 'تشاد', 'ar', NULL, NULL, NULL),
(167, 84, 'Germany', 'en', NULL, NULL, NULL),
(168, 84, 'تشيلي', 'ar', NULL, NULL, NULL),
(169, 85, 'Ghana', 'en', NULL, NULL, NULL),
(170, 85, 'توغو', 'ar', NULL, NULL, NULL),
(171, 86, 'Gibraltar', 'en', NULL, NULL, NULL),
(172, 86, 'توفالو', 'ar', NULL, NULL, NULL),
(173, 87, 'Greece', 'en', NULL, NULL, NULL),
(174, 87, 'توكيلاو', 'ar', NULL, NULL, NULL),
(175, 88, 'Greenland', 'en', NULL, NULL, NULL),
(176, 88, 'تونس', 'ar', NULL, NULL, NULL),
(177, 89, 'Grenada', 'en', NULL, NULL, NULL),
(178, 89, 'تونغا', 'ar', NULL, NULL, NULL),
(179, 90, 'Guadeloupe', 'en', NULL, NULL, NULL),
(180, 90, 'جامايكا', 'ar', NULL, NULL, NULL),
(181, 91, 'Guam', 'en', NULL, NULL, NULL),
(182, 91, 'جبل طارق', 'ar', NULL, NULL, NULL),
(183, 92, 'Guatemala', 'en', NULL, NULL, NULL),
(184, 92, 'جرينلاند', 'ar', NULL, NULL, NULL),
(185, 93, 'Guernsey', 'en', NULL, NULL, NULL),
(186, 93, 'جزر البهاما', 'ar', NULL, NULL, NULL),
(187, 94, 'Guinea', 'en', NULL, NULL, NULL),
(188, 94, 'جزر العذراء (الولايات المتحدة)', 'ar', NULL, NULL, NULL),
(189, 95, 'Guinea-Bissau', 'en', NULL, NULL, NULL),
(190, 95, 'جزر الفولكلاند (مالفيناس)', 'ar', NULL, NULL, NULL),
(191, 96, 'Guyana', 'en', NULL, NULL, NULL),
(192, 96, 'جزر الولايات المتحدة البعيدة الصغيرة', 'ar', NULL, NULL, NULL),
(193, 97, 'Haiti', 'en', NULL, NULL, NULL),
(194, 97, 'جزر تركس وكايكوس', 'ar', NULL, NULL, NULL),
(195, 98, 'Heard Island and McDonald Islands', 'en', NULL, NULL, NULL),
(196, 98, 'جزر دونالد هيرد ومولودية', 'ar', NULL, NULL, NULL),
(197, 99, 'Holy See', 'en', NULL, NULL, NULL),
(198, 99, 'جزر سفالبارد وجان ماين', 'ar', NULL, NULL, NULL),
(199, 100, 'Honduras', 'en', NULL, NULL, NULL),
(200, 100, 'جزر سليمان', 'ar', NULL, NULL, NULL),
(201, 101, 'Hong Kong', 'en', NULL, NULL, NULL),
(202, 101, 'جزر فارو', 'ar', NULL, NULL, NULL),
(203, 102, 'Hungary', 'en', NULL, NULL, NULL),
(204, 102, 'جزر كايمان', 'ar', NULL, NULL, NULL),
(205, 103, 'Iceland', 'en', NULL, NULL, NULL),
(206, 103, 'جزر كوكوس(كلينيغ)', 'ar', NULL, NULL, NULL),
(207, 104, 'India', 'en', NULL, NULL, NULL),
(208, 104, 'جزر ماريانا الشمالية', 'ar', NULL, NULL, NULL),
(209, 105, 'Indonesia', 'en', NULL, NULL, NULL),
(210, 105, 'جزر واليس وفوتونا', 'ar', NULL, NULL, NULL),
(211, 106, 'Iran (Islamic Republic of)', 'en', NULL, NULL, NULL),
(212, 106, 'جزيرة الكريسماس', 'ar', NULL, NULL, NULL),
(213, 107, 'Iraq', 'en', NULL, NULL, NULL),
(214, 107, 'جزيرة بوفيت', 'ar', NULL, NULL, NULL),
(215, 108, 'Ireland', 'en', NULL, NULL, NULL),
(216, 108, 'جزيرة كوك', 'ar', NULL, NULL, NULL),
(217, 109, 'Isle of Man', 'en', NULL, NULL, NULL),
(218, 109, 'جزيرة نورفولك', 'ar', NULL, NULL, NULL),
(219, 110, 'Israel', 'en', NULL, NULL, NULL),
(220, 110, 'جمهورية إيران الإسلامية', 'ar', NULL, NULL, NULL),
(221, 111, 'Italy', 'en', NULL, NULL, NULL),
(222, 111, 'جمهورية تنزانيا المتحدة.', 'ar', NULL, NULL, NULL),
(223, 112, 'Jamaica', 'en', NULL, NULL, NULL),
(224, 112, 'جمهورية كوريا', 'ar', NULL, NULL, NULL),
(225, 113, 'Japan', 'en', NULL, NULL, NULL),
(226, 113, 'جمهورية لاو الديمقراطية الشعبية', 'ar', NULL, NULL, NULL),
(227, 114, 'Jersey', 'en', NULL, NULL, NULL),
(228, 114, 'جنوب افريقيا', 'ar', NULL, NULL, NULL),
(229, 115, 'Jordan', 'en', NULL, NULL, NULL),
(230, 115, 'جورجيا', 'ar', NULL, NULL, NULL),
(231, 116, 'Kazakhstan', 'en', NULL, NULL, NULL),
(232, 116, 'جويانا الفرنسية', 'ar', NULL, NULL, NULL),
(233, 117, 'Kenya', 'en', NULL, NULL, NULL),
(234, 117, 'دولة الفاتيكان (الكرسي الرسولي)', 'ar', NULL, NULL, NULL),
(235, 118, 'Kiribati', 'en', NULL, NULL, NULL),
(236, 118, 'رواندا', 'ar', NULL, NULL, NULL),
(237, 119, 'Korea (Democratic People\'s Republic of)', 'en', NULL, NULL, NULL),
(238, 119, 'رومانيا', 'ar', NULL, NULL, NULL),
(239, 120, 'Korea (Republic of)', 'en', NULL, NULL, NULL),
(240, 120, 'ريونيون', 'ar', NULL, NULL, NULL),
(241, 121, 'Kuwait', 'en', NULL, NULL, NULL),
(242, 121, 'زامبيا', 'ar', NULL, NULL, NULL),
(243, 122, 'Kyrgyzstan', 'en', NULL, NULL, NULL),
(244, 122, 'زيمبابوي', 'ar', NULL, NULL, NULL),
(245, 123, 'Lao People\'s Democratic Republic', 'en', NULL, NULL, NULL),
(246, 123, 'ساموا', 'ar', NULL, NULL, NULL),
(247, 124, 'Latvia', 'en', NULL, NULL, NULL),
(248, 124, 'سان مارينو', 'ar', NULL, NULL, NULL),
(249, 125, 'Lebanon', 'en', NULL, NULL, NULL),
(250, 125, 'سانت كيتس ونيفيس', 'ar', NULL, NULL, NULL),
(251, 126, 'Lesotho', 'en', NULL, NULL, NULL),
(252, 126, 'سانت لوسيا', 'ar', NULL, NULL, NULL),
(253, 127, 'Liberia', 'en', NULL, NULL, NULL),
(254, 127, 'سانت. بيار وميكلون', 'ar', NULL, NULL, NULL),
(255, 128, 'Libya', 'en', NULL, NULL, NULL),
(256, 128, 'سانت. هيلانة', 'ar', NULL, NULL, NULL),
(257, 129, 'Liechtenstein', 'en', NULL, NULL, NULL),
(258, 129, 'ساو تومي وبرينسيبي', 'ar', NULL, NULL, NULL),
(259, 130, 'Lithuania', 'en', NULL, NULL, NULL),
(260, 130, 'سري لانكا', 'ar', NULL, NULL, NULL),
(261, 131, 'Luxembourg', 'en', NULL, NULL, NULL),
(262, 131, 'سلفادور', 'ar', NULL, NULL, NULL),
(263, 132, 'Macao', 'en', NULL, NULL, NULL),
(264, 132, 'سلوفاكيا (جمهورية سلوفاكيا)', 'ar', NULL, NULL, NULL),
(265, 133, 'Macedonia (the former Yugoslav Republic of)', 'en', NULL, NULL, NULL),
(266, 133, 'سلوفينيا', 'ar', NULL, NULL, NULL),
(267, 134, 'Madagascar', 'en', NULL, NULL, NULL),
(268, 134, 'سنغافورة', 'ar', NULL, NULL, NULL),
(269, 135, 'Malawi', 'en', NULL, NULL, NULL),
(270, 135, 'سنغال', 'ar', NULL, NULL, NULL),
(271, 136, 'Malaysia', 'en', NULL, NULL, NULL),
(272, 136, 'سوازيلند', 'ar', NULL, NULL, NULL),
(273, 137, 'Maldives', 'en', NULL, NULL, NULL),
(274, 137, 'سورينام', 'ar', NULL, NULL, NULL),
(275, 138, 'Mali', 'en', NULL, NULL, NULL),
(276, 138, 'سويسرا', 'ar', NULL, NULL, NULL),
(277, 139, 'Malta', 'en', NULL, NULL, NULL),
(278, 139, 'سيراليون', 'ar', NULL, NULL, NULL),
(279, 140, 'Marshall Islands', 'en', NULL, NULL, NULL),
(280, 140, 'سيشيل', 'ar', NULL, NULL, NULL),
(281, 141, 'Martinique', 'en', NULL, NULL, NULL),
(282, 141, 'طاجيكستان', 'ar', NULL, NULL, NULL),
(283, 142, 'Mauritania', 'en', NULL, NULL, NULL),
(284, 142, 'عمان', 'ar', NULL, NULL, NULL),
(285, 143, 'Mauritius', 'en', NULL, NULL, NULL),
(286, 143, 'غابون', 'ar', NULL, NULL, NULL),
(287, 144, 'Mayotte', 'en', NULL, NULL, NULL),
(288, 144, 'غامبيا', 'ar', NULL, NULL, NULL),
(289, 145, 'Mexico', 'en', NULL, NULL, NULL),
(290, 145, 'غانا', 'ar', NULL, NULL, NULL),
(291, 146, 'Micronesia (Federated States of)', 'en', NULL, NULL, NULL),
(292, 146, 'غرينادا', 'ar', NULL, NULL, NULL),
(293, 147, 'Moldova (Republic of)', 'en', NULL, NULL, NULL),
(294, 147, 'غواتيمالا', 'ar', NULL, NULL, NULL),
(295, 148, 'Monaco', 'en', NULL, NULL, NULL),
(296, 148, 'غواديلوب', 'ar', NULL, NULL, NULL),
(297, 149, 'Mongolia', 'en', NULL, NULL, NULL),
(298, 149, 'غوام', 'ar', NULL, NULL, NULL),
(299, 150, 'Montenegro', 'en', NULL, NULL, NULL),
(300, 150, 'غويانا', 'ar', NULL, NULL, NULL),
(301, 151, 'Montserrat', 'en', NULL, NULL, NULL),
(302, 151, 'غينيا', 'ar', NULL, NULL, NULL),
(303, 152, 'Morocco', 'en', NULL, NULL, NULL),
(304, 152, 'غينيا بيساو', 'ar', NULL, NULL, NULL),
(305, 153, 'Mozambique', 'en', NULL, NULL, NULL),
(306, 153, 'فانواتو', 'ar', NULL, NULL, NULL),
(307, 154, 'Myanmar', 'en', NULL, NULL, NULL),
(308, 154, 'فرنسا', 'ar', NULL, NULL, NULL),
(309, 155, 'Namibia', 'en', NULL, NULL, NULL),
(310, 155, 'فلسطين', 'ar', NULL, NULL, NULL),
(311, 156, 'Nauru', 'en', NULL, NULL, NULL),
(312, 156, 'فنزويلا', 'ar', NULL, NULL, NULL),
(313, 157, 'Nepal', 'en', NULL, NULL, NULL),
(314, 157, 'فنسنت وغرينادين', 'ar', NULL, NULL, NULL),
(315, 158, 'Netherlands', 'en', NULL, NULL, NULL),
(316, 158, 'فنلندا', 'ar', NULL, NULL, NULL),
(317, 159, 'New Caledonia', 'en', NULL, NULL, NULL),
(318, 159, 'فيجي', 'ar', NULL, NULL, NULL),
(319, 160, 'New Zealand', 'en', NULL, NULL, NULL),
(320, 160, 'فييت نام', 'ar', NULL, NULL, NULL),
(321, 161, 'Nicaragua', 'en', NULL, NULL, NULL),
(322, 161, 'قطر', 'ar', NULL, NULL, NULL),
(323, 162, 'Niger', 'en', NULL, NULL, NULL),
(324, 162, 'قيرغيزستان', 'ar', NULL, NULL, NULL),
(325, 163, 'Nigeria', 'en', NULL, NULL, NULL),
(326, 163, 'كازاخستان', 'ar', NULL, NULL, NULL),
(327, 164, 'Niue', 'en', NULL, NULL, NULL),
(328, 164, 'كاليدونيا الجديدة', 'ar', NULL, NULL, NULL),
(329, 165, 'Norfolk Island', 'en', NULL, NULL, NULL),
(330, 165, 'كاميرون', 'ar', NULL, NULL, NULL),
(331, 166, 'Northern Mariana Islands', 'en', NULL, NULL, NULL),
(332, 166, 'كرواتيا', 'ar', NULL, NULL, NULL),
(333, 167, 'Norway', 'en', NULL, NULL, NULL),
(334, 167, 'كمبوديا', 'ar', NULL, NULL, NULL),
(335, 168, 'Oman', 'en', NULL, NULL, NULL),
(336, 168, 'كندا', 'ar', NULL, NULL, NULL),
(337, 169, 'Pakistan', 'en', NULL, NULL, NULL),
(338, 169, 'كوريا ، جمهورية الديمقراطية الشعبية', 'ar', NULL, NULL, NULL),
(339, 170, 'Palau', 'en', NULL, NULL, NULL),
(340, 170, 'كوستاريكا', 'ar', NULL, NULL, NULL),
(341, 171, 'Palestine, State of', 'en', NULL, NULL, NULL),
(342, 171, 'كولومبيا', 'ar', NULL, NULL, NULL),
(343, 172, 'Panama', 'en', NULL, NULL, NULL),
(344, 172, 'كونغو', 'ar', NULL, NULL, NULL),
(345, 173, 'Papua New Guinea', 'en', NULL, NULL, NULL),
(346, 173, 'كويت', 'ar', NULL, NULL, NULL),
(347, 174, 'Paraguay', 'en', NULL, NULL, NULL),
(348, 174, 'كيريباس', 'ar', NULL, NULL, NULL),
(349, 175, 'Peru', 'en', NULL, NULL, NULL),
(350, 175, 'كينيا', 'ar', NULL, NULL, NULL),
(351, 176, 'Philippines', 'en', NULL, NULL, NULL),
(352, 176, 'لاتفيا', 'ar', NULL, NULL, NULL),
(353, 177, 'Pitcairn', 'en', NULL, NULL, NULL),
(354, 177, 'لبنان', 'ar', NULL, NULL, NULL),
(355, 178, 'Poland', 'en', NULL, NULL, NULL),
(356, 178, 'لوكسمبورغ', 'ar', NULL, NULL, NULL),
(357, 179, 'Portugal', 'en', NULL, NULL, NULL),
(358, 179, 'ليبيا', 'ar', NULL, NULL, NULL),
(359, 180, 'Puerto Rico', 'en', NULL, NULL, NULL),
(360, 180, 'ليبيريا', 'ar', NULL, NULL, NULL),
(361, 181, 'Qatar', 'en', NULL, NULL, NULL),
(362, 181, 'ليتوانيا', 'ar', NULL, NULL, NULL),
(363, 182, 'Romania', 'en', NULL, NULL, NULL),
(364, 182, 'ليختنشتاين', 'ar', NULL, NULL, NULL),
(365, 183, 'Russian Federation', 'en', NULL, NULL, NULL),
(366, 183, 'ليسوتو', 'ar', NULL, NULL, NULL),
(367, 184, 'Rwanda', 'en', NULL, NULL, NULL),
(368, 184, 'مارتينيك', 'ar', NULL, NULL, NULL),
(369, 185, 'Réunion', 'en', NULL, NULL, NULL),
(370, 185, 'مارشال', 'ar', NULL, NULL, NULL),
(371, 186, 'Saint Barthélemy', 'en', NULL, NULL, NULL),
(372, 186, 'ماكاو', 'ar', NULL, NULL, NULL),
(373, 187, 'Saint Helena, Ascension and Tristan da Cunha', 'en', NULL, NULL, NULL),
(374, 187, 'مالديف', 'ar', NULL, NULL, NULL),
(375, 188, 'Saint Kitts and Nevis', 'en', NULL, NULL, NULL),
(376, 188, 'مالطا', 'ar', NULL, NULL, NULL),
(377, 189, 'Saint Lucia', 'en', NULL, NULL, NULL),
(378, 189, 'مالي', 'ar', NULL, NULL, NULL),
(379, 190, 'Saint Martin (French part)', 'en', NULL, NULL, NULL),
(380, 190, 'ماليزيا', 'ar', NULL, NULL, NULL),
(381, 191, 'Saint Pierre and Miquelon', 'en', NULL, NULL, NULL),
(382, 191, 'مدغشقر', 'ar', NULL, NULL, NULL),
(383, 192, 'Saint Vincent and the Grenadines', 'en', NULL, NULL, NULL),
(384, 192, 'مصر', 'ar', NULL, NULL, NULL),
(385, 193, 'Samoa', 'en', NULL, NULL, NULL),
(386, 193, 'مقاطعة تايوان من الصين', 'ar', NULL, NULL, NULL),
(387, 194, 'San Marino', 'en', NULL, NULL, NULL),
(388, 194, 'مقدونيا ، جمهورية مقدونيا اليوغوسلافية السابقة', 'ar', NULL, NULL, NULL),
(389, 195, 'Sao Tome and Principe', 'en', NULL, NULL, NULL),
(390, 195, 'ملاوي', 'ar', NULL, NULL, NULL),
(391, 196, 'Senegal', 'en', NULL, NULL, NULL),
(392, 196, 'منغوليا', 'ar', NULL, NULL, NULL),
(393, 197, 'Serbia', 'en', NULL, NULL, NULL),
(394, 197, 'موريتانيا', 'ar', NULL, NULL, NULL),
(395, 198, 'Seychelles', 'en', NULL, NULL, NULL),
(396, 198, 'موريشيوس', 'ar', NULL, NULL, NULL),
(397, 199, 'Sierra Leone', 'en', NULL, NULL, NULL),
(398, 199, 'موزامبيق', 'ar', NULL, NULL, NULL),
(399, 200, 'Singapore', 'en', NULL, NULL, NULL),
(400, 200, 'مولدوفا ، جمهورية', 'ar', NULL, NULL, NULL),
(401, 201, 'Sint Maarten (Dutch part)', 'en', NULL, NULL, NULL),
(402, 201, 'موناكو', 'ar', NULL, NULL, NULL),
(403, 202, 'Slovakia', 'en', NULL, NULL, NULL),
(404, 202, 'مونتسيرات', 'ar', NULL, NULL, NULL),
(405, 203, 'Slovenia', 'en', NULL, NULL, NULL),
(406, 203, 'ميانمار', 'ar', NULL, NULL, NULL),
(407, 204, 'Solomon Islands', 'en', NULL, NULL, NULL),
(408, 204, 'ميكرونيزيا', 'ar', NULL, NULL, NULL),
(409, 205, 'Somalia', 'en', NULL, NULL, NULL),
(410, 205, 'ناميبيا', 'ar', NULL, NULL, NULL),
(411, 206, 'South Africa', 'en', NULL, NULL, NULL),
(412, 206, 'ناورو', 'ar', NULL, NULL, NULL),
(413, 207, 'South Georgia and the South Sandwich Islands', 'en', NULL, NULL, NULL),
(414, 207, 'نرويج', 'ar', NULL, NULL, NULL),
(415, 208, 'South Sudan', 'en', NULL, NULL, NULL),
(416, 208, 'نمسا', 'ar', NULL, NULL, NULL),
(417, 209, 'Spain', 'en', NULL, NULL, NULL),
(418, 209, 'نيبال', 'ar', NULL, NULL, NULL),
(419, 210, 'Sri Lanka', 'en', NULL, NULL, NULL),
(420, 210, 'نيجر', 'ar', NULL, NULL, NULL),
(421, 211, 'Sudan', 'en', NULL, NULL, NULL),
(422, 211, 'نيجيريا', 'ar', NULL, NULL, NULL),
(423, 212, 'Suriname', 'en', NULL, NULL, NULL),
(424, 212, 'نيكاراغوا', 'ar', NULL, NULL, NULL),
(425, 213, 'Svalbard and Jan Mayen', 'en', NULL, NULL, NULL),
(426, 213, 'نيوزيلندا', 'ar', NULL, NULL, NULL),
(427, 214, 'Swaziland', 'en', NULL, NULL, NULL),
(428, 214, 'نيوي', 'ar', NULL, NULL, NULL),
(429, 215, 'Sweden', 'en', NULL, NULL, NULL),
(430, 215, 'هايتي', 'ar', NULL, NULL, NULL),
(431, 216, 'Switzerland', 'en', NULL, NULL, NULL),
(432, 216, 'هندوراس', 'ar', NULL, NULL, NULL),
(433, 217, 'Taiwan, Province of China', 'en', NULL, NULL, NULL),
(434, 217, 'هنغاريا', 'ar', NULL, NULL, NULL),
(435, 218, 'Tajikistan', 'en', NULL, NULL, NULL),
(436, 218, 'هولندا', 'ar', NULL, NULL, NULL),
(437, 219, 'Tanzania, United Republic of', 'en', NULL, NULL, NULL),
(438, 219, 'هونغ كونغ', 'ar', NULL, NULL, NULL);

-- --------------------------------------------------------

INSERT INTO `states` (`id`, `country_id`, `state_order`, `state_code`, `created_at`, `updated_at`, `deleted_at`) VALUES
(1, 1, 1, 'AL ', '2019-05-13 03:47:03', '2019-05-13 03:47:03', NULL),
(2, 1, 2, 'DM ', '2019-05-13 03:47:04', '2019-05-13 03:47:04', NULL),
(3, 1, 3, 'ID ', '2019-05-13 03:47:05', '2019-05-13 03:47:05', NULL),
(4, 1, 4, 'LA ', '2019-05-13 03:47:05', '2019-05-13 03:47:05', NULL),
(5, 1, 5, 'RD ', '2019-05-13 03:47:06', '2019-05-13 03:47:06', NULL),
(6, 1, 6, 'HS ', '2019-05-13 03:47:07', '2019-05-13 03:47:07', NULL),
(7, 1, 7, 'HA ', '2019-05-13 03:47:08', '2019-05-13 03:47:08', NULL),
(8, 1, 8, 'DA ', '2019-05-13 03:47:08', '2019-05-13 03:47:08', NULL),
(9, 1, 9, 'TS ', '2019-05-13 03:47:09', '2019-05-13 03:47:09', NULL),
(10, 1, 10, 'SU ', '2019-05-13 03:47:09', '2019-05-13 03:47:09', NULL),
(11, 1, 11, 'HK ', '2019-05-13 03:47:10', '2019-05-13 03:47:10', NULL),
(12, 1, 1, 'RQ ', '2019-05-13 03:47:11', '2019-05-13 03:47:11', NULL),
(13, 1, 1, 'QN ', '2019-05-13 03:47:11', '2019-05-13 03:47:11', NULL),
(14, 1, 1, 'DA ', '2019-05-13 03:47:11', '2019-05-13 03:47:11', NULL),
(15, 2, 11, 'NAJ', '2019-05-13 03:47:12', '2019-05-13 03:47:12', NULL),
(16, 2, 1, 'AN ', '2019-05-13 03:47:13', '2019-05-13 03:47:13', NULL),
(17, 2, 1, 'AB ', '2019-05-13 03:47:13', '2019-05-13 03:47:13', NULL),
(18, 2, 1, '-  ', '2019-05-13 03:47:13', '2019-05-13 03:47:13', NULL),
(19, 2, 1, 'BH ', '2019-05-13 03:47:14', '2019-05-13 03:47:14', NULL),
(20, 2, 1, 'JF ', '2019-05-13 03:47:14', '2019-05-13 03:47:14', NULL),
(21, 2, 1, 'HR ', '2019-05-13 03:47:14', '2019-05-13 03:47:14', NULL),
(22, 2, 1, '-  ', '2019-05-13 03:47:14', '2019-05-13 03:47:14', NULL),
(23, 2, 1, '-  ', '2019-05-13 03:47:14', '2019-05-13 03:47:14', NULL),
(24, 2, 1, 'RS ', '2019-05-13 03:47:15', '2019-05-13 03:47:15', NULL),
(25, 2, 1, '-  ', '2019-05-13 03:47:15', '2019-05-13 03:47:15', NULL),
(26, 2, 1, '-  ', '2019-05-13 03:47:15', '2019-05-13 03:47:15', NULL),
(27, 2, 1, 'TF ', '2019-05-13 03:47:15', '2019-05-13 03:47:15', NULL),
(28, 2, 1, '-  ', '2019-05-13 03:47:16', '2019-05-13 03:47:16', NULL),
(29, 2, 1, 'MJ ', '2019-05-13 03:47:16', '2019-05-13 03:47:16', NULL),
(30, 2, 1, 'MM ', '2019-05-13 03:47:16', '2019-05-13 03:47:16', NULL),
(31, 2, 1, 'TB ', '2019-05-13 03:47:16', '2019-05-13 03:47:16', NULL),
(32, 2, 1, 'JB ', '2019-05-13 03:47:16', '2019-05-13 03:47:16', NULL),
(33, 2, 1, '-  ', '2019-05-13 03:47:17', '2019-05-13 03:47:17', NULL),
(34, 2, 1, 'HE ', '2019-05-13 03:47:17', '2019-05-13 03:47:17', NULL),
(35, 2, 1, 'HB ', '2019-05-13 03:47:17', '2019-05-13 03:47:17', NULL),
(36, 2, 1, 'AS ', '2019-05-13 03:47:17', '2019-05-13 03:47:17', NULL),
(37, 2, 1, '-  ', '2019-05-13 03:47:17', '2019-05-13 03:47:17', NULL),
(38, 2, 1, 'WD ', '2019-05-13 03:47:18', '2019-05-13 03:47:18', NULL),
(39, 2, 1, 'YN ', '2019-05-13 03:47:18', '2019-05-13 03:47:18', NULL);

-- --------------------------------------------------------

INSERT INTO `state_translations` (`id`, `state_id`, `name`, `locale`, `created_at`, `updated_at`, `deleted_at`) VALUES
(1, 1, 'Aleppo', 'en', NULL, NULL, NULL),
(2, 1, 'حلب', 'ar', NULL, NULL, NULL),
(3, 2, 'Damascus', 'en', NULL, NULL, NULL),
(4, 2, 'دمشق', 'ar', NULL, NULL, NULL),
(5, 3, 'Idleb', 'en', NULL, NULL, NULL),
(6, 3, 'ادلب', 'ar', NULL, NULL, NULL),
(7, 4, 'Lattakia', 'en', NULL, NULL, NULL),
(8, 4, 'اللاذقية', 'ar', NULL, NULL, NULL),
(9, 5, 'Reef Damascus', 'en', NULL, NULL, NULL),
(10, 5, 'ريف دمشق', 'ar', NULL, NULL, NULL),
(11, 6, 'Homs', 'en', NULL, NULL, NULL),
(12, 6, 'حمص', 'ar', NULL, NULL, NULL),
(13, 7, 'Hama', 'en', NULL, NULL, NULL),
(14, 7, 'حماة', 'ar', NULL, NULL, NULL),
(15, 8, 'Daraa', 'en', NULL, NULL, NULL),
(16, 8, 'درعا', 'ar', NULL, NULL, NULL),
(17, 9, 'Tartous', 'en', NULL, NULL, NULL),
(18, 9, 'طرطوس', 'ar', NULL, NULL, NULL),
(19, 10, 'Al-Soiadaa', 'en', NULL, NULL, NULL),
(20, 10, 'السويداء', 'ar', NULL, NULL, NULL),
(21, 11, 'Al-Hasakah', 'en', NULL, NULL, NULL),
(22, 11, 'الحسكة', 'ar', NULL, NULL, NULL),
(23, 12, 'Al-Qunatera', 'en', NULL, NULL, NULL),
(24, 12, 'الرقة', 'ar', NULL, NULL, NULL),
(25, 13, 'Deir Azzour', 'en', NULL, NULL, NULL),
(26, 13, 'القنيطرة', 'ar', NULL, NULL, NULL),
(27, 14, 'Raqqa', 'en', NULL, NULL, NULL),
(28, 14, 'دير الزور', 'ar', NULL, NULL, NULL),
(29, 15, '-', 'en', NULL, NULL, NULL),
(30, 15, 'نجران', 'ar', NULL, NULL, NULL),
(31, 16, '-', 'en', NULL, NULL, NULL),
(32, 16, 'أنقرة', 'ar', NULL, NULL, NULL),
(33, 17, '-', 'en', NULL, NULL, NULL),
(34, 17, 'ابها', 'ar', NULL, NULL, NULL),
(35, 18, '-', 'en', NULL, NULL, NULL),
(36, 18, 'الإحساء', 'ar', NULL, NULL, NULL),
(37, 19, '-', 'en', NULL, NULL, NULL),
(38, 19, 'الباحة', 'ar', NULL, NULL, NULL),
(39, 20, '-', 'en', NULL, NULL, NULL),
(40, 20, 'الجوف', 'ar', NULL, NULL, NULL),
(41, 21, '-', 'en', NULL, NULL, NULL),
(42, 21, 'الحريق', 'ar', NULL, NULL, NULL),
(43, 22, '-', 'en', NULL, NULL, NULL),
(44, 22, 'الخبر', 'ar', NULL, NULL, NULL),
(45, 23, '-', 'en', NULL, NULL, NULL),
(46, 23, 'الدمام', 'ar', NULL, NULL, NULL),
(47, 24, '-', 'en', NULL, NULL, NULL),
(48, 24, 'الرس', 'ar', NULL, NULL, NULL),
(49, 25, '-', 'en', NULL, NULL, NULL),
(50, 25, 'الرياض', 'ar', NULL, NULL, NULL),
(51, 26, '-', 'en', NULL, NULL, NULL),
(52, 26, 'الشرقية', 'ar', NULL, NULL, NULL),
(53, 27, '-', 'en', NULL, NULL, NULL),
(54, 27, 'الطائف', 'ar', NULL, NULL, NULL),
(55, 28, '-', 'en', NULL, NULL, NULL),
(56, 28, 'القويقعة', 'ar', NULL, NULL, NULL),
(57, 29, '-', 'en', NULL, NULL, NULL),
(58, 29, 'المجمعة', 'ar', NULL, NULL, NULL),
(59, 30, '-', 'en', NULL, NULL, NULL),
(60, 30, 'المدينة المنورة', 'ar', NULL, NULL, NULL),
(61, 31, '-', 'en', NULL, NULL, NULL),
(62, 31, 'تبوك', 'ar', NULL, NULL, NULL),
(63, 32, '-', 'en', NULL, NULL, NULL),
(64, 32, 'جبيل', 'ar', NULL, NULL, NULL),
(65, 33, '-', 'en', NULL, NULL, NULL),
(66, 33, 'جدة', 'ar', NULL, NULL, NULL),
(67, 34, '-', 'en', NULL, NULL, NULL),
(68, 34, 'حائل', 'ar', NULL, NULL, NULL),
(69, 35, '-', 'en', NULL, NULL, NULL),
(70, 35, 'حفر الباطن', 'ar', NULL, NULL, NULL),
(71, 36, '-', 'en', NULL, NULL, NULL),
(72, 36, 'عسير', 'ar', NULL, NULL, NULL),
(73, 37, '-', 'en', NULL, NULL, NULL),
(74, 37, 'مكة المكرمة', 'ar', NULL, NULL, NULL),
(75, 38, '-', 'en', NULL, NULL, NULL),
(76, 38, 'وادي الدواسر', 'ar', NULL, NULL, NULL),
(77, 39, 'Tabouk', 'en', NULL, NULL, NULL),
(78, 39, 'ينبع', 'ar', NULL, NULL, NULL);

-- ---------------------------------------------------------

INSERT INTO `cities` (`id`, `state_id`, `city_code`, `city_order`, `created_at`, `updated_at`, `deleted_at`) VALUES
(1, 1, 'ALP', 1, '2019-05-13 03:47:03', '2019-05-13 03:47:03', NULL),
(2, 2, 'DM ', 2, '2019-05-13 03:47:04', '2019-05-13 03:47:04', NULL),
(3, 3, 'ED ', 3, '2019-05-13 03:47:05', '2019-05-13 03:47:05', NULL),
(4, 4, 'LT ', 4, '2019-05-13 03:47:06', '2019-05-13 03:47:06', NULL),
(5, 4, 'JB ', 1, '2019-05-13 03:47:06', '2019-05-13 03:47:06', NULL),
(6, 6, 'TD ', 1, '2019-05-13 03:47:07', '2019-05-13 03:47:07', NULL),
(7, 6, 'HS ', 1, '2019-05-13 03:47:07', '2019-05-13 03:47:07', NULL),
(8, 7, 'HM ', 1, '2019-05-13 03:47:08', '2019-05-13 03:47:08', NULL),
(9, 8, 'DR ', 1, '2019-05-13 03:47:08', '2019-05-13 03:47:08', NULL),
(10, 9, 'BS ', 1, '2019-05-13 03:47:09', '2019-05-13 03:47:09', NULL),
(11, 9, 'TT ', 1, '2019-05-13 03:47:09', '2019-05-13 03:47:09', NULL),
(12, 10, 'SD ', 1, '2019-05-13 03:47:10', '2019-05-13 03:47:10', NULL),
(13, 11, 'hs ', 1, '2019-05-13 03:47:10', '2019-05-13 03:47:10', NULL),
(14, 11, 'QA ', 1, '2019-05-13 03:47:10', '2019-05-13 03:47:10', NULL),
(15, 12, 'RQ ', 1, '2019-05-13 03:47:11', '2019-05-13 03:47:11', NULL),
(16, 13, 'QT ', 1, '2019-05-13 03:47:11', '2019-05-13 03:47:11', NULL),
(17, 14, 'DZ ', 1, '2019-05-13 03:47:12', '2019-05-13 03:47:12', NULL);

-- --------------------------------------------------------

INSERT INTO `city_translations` (`id`, `city_id`, `name`, `locale`, `created_at`, `updated_at`, `deleted_at`) VALUES
(1, 1, 'Aleppo', 'en', NULL, NULL, NULL),
(2, 1, 'حلب', 'ar', NULL, NULL, NULL),
(3, 2, 'Damascus', 'en', NULL, NULL, NULL),
(4, 2, 'دمشق', 'ar', NULL, NULL, NULL),
(5, 3, 'Idlib', 'en', NULL, NULL, NULL),
(6, 3, 'إدلب', 'ar', NULL, NULL, NULL),
(7, 4, 'Lattakia', 'en', NULL, NULL, NULL),
(8, 4, 'اللاذقية', 'ar', NULL, NULL, NULL),
(9, 5, 'Jablah', 'en', NULL, NULL, NULL),
(10, 5, 'جبلة', 'ar', NULL, NULL, NULL),
(11, 6, 'Homs', 'en', NULL, NULL, NULL),
(12, 6, 'تدمر', 'ar', NULL, NULL, NULL),
(13, 7, 'Tadmur', 'en', NULL, NULL, NULL),
(14, 7, 'حمص', 'ar', NULL, NULL, NULL),
(15, 8, 'Hamah', 'en', NULL, NULL, NULL),
(16, 8, 'حماه', 'ar', NULL, NULL, NULL),
(17, 9, 'Daraa', 'en', NULL, NULL, NULL),
(18, 9, 'درعا', 'ar', NULL, NULL, NULL),
(19, 10, 'Baniyas', 'en', NULL, NULL, NULL),
(20, 10, 'بانياس', 'ar', NULL, NULL, NULL),
(21, 11, 'Tartus', 'en', NULL, NULL, NULL),
(22, 11, 'طرطوس', 'ar', NULL, NULL, NULL),
(23, 12, 'As Suwayda', 'en', NULL, NULL, NULL),
(24, 12, 'السويداء', 'ar', NULL, NULL, NULL),
(25, 13, '-', 'en', NULL, NULL, NULL),
(26, 13, 'الحسكة', 'ar', NULL, NULL, NULL),
(27, 14, '-', 'en', NULL, NULL, NULL),
(28, 14, 'القامشلي', 'ar', NULL, NULL, NULL),
(29, 15, 'Al Qunaytirah', 'en', NULL, NULL, NULL),
(30, 15, 'الرقة', 'ar', NULL, NULL, NULL),
(31, 16, 'Dayr az Zawr', 'en', NULL, NULL, NULL),
(32, 16, 'القنيطرة', 'ar', NULL, NULL, NULL),
(33, 17, 'Ar Raqqah', 'en', NULL, NULL, NULL),
(34, 17, 'ديرالزور', 'ar', NULL, NULL, NULL);

--
-- Dumping data for table `religions`
--

INSERT INTO `religions` (`id`, `created_at`, `updated_at`, `deleted_at`) VALUES
(1, '2019-05-19 02:56:03', '2019-05-19 02:56:03', NULL),
(2, '2019-05-19 02:56:03', '2019-05-19 02:56:03', NULL),
(3, '2019-05-19 02:56:04', '2019-05-19 02:56:04', NULL),
(4, '2019-05-19 02:56:05', '2019-05-19 02:56:05', NULL),
(5, '2019-05-19 02:56:06', '2019-05-19 02:56:06', NULL),
(6, '2019-05-19 02:56:06', '2019-05-19 02:56:06', NULL),
(7, '2019-05-19 02:56:07', '2019-05-19 02:56:07', NULL),
(8, '2019-05-19 02:56:07', '2019-05-19 02:56:07', NULL),
(9, '2019-05-19 02:56:07', '2019-05-19 02:56:07', NULL),
(10, '2019-05-19 02:56:07', '2019-05-19 02:56:07', NULL),
(11, '2019-05-19 02:56:08', '2019-05-19 02:56:08', NULL),
(12, '2019-05-19 02:56:08', '2019-05-19 02:56:08', NULL),
(13, '2019-05-19 02:56:09', '2019-05-19 02:56:09', NULL),
(14, '2019-05-19 02:56:10', '2019-05-19 02:56:10', NULL),
(15, '2019-05-19 02:56:10', '2019-05-19 02:56:10', NULL),
(16, '2019-05-19 02:56:10', '2019-05-19 02:56:10', NULL),
(17, '2019-05-19 02:56:10', '2019-05-19 02:56:10', NULL),
(18, '2019-05-19 02:56:11', '2019-05-19 02:56:11', NULL);

--
-- Dumping data for table `religion_translations`
--

INSERT INTO `religion_translations` (`id`, `religion_id`, `name`, `locale`, `created_at`, `updated_at`, `deleted_at`) VALUES
(1, 1, 'Agnostic', 'en', NULL, NULL, NULL),
(2, 1, 'لا أدري', 'ar', NULL, NULL, NULL),
(3, 2, 'Christian', 'en', NULL, NULL, NULL),
(4, 2, 'مسيحي', 'ar', NULL, NULL, NULL),
(5, 3, 'Atheist', 'en', NULL, NULL, NULL),
(6, 3, 'ملحد', 'ar', NULL, NULL, NULL),
(7, 4, 'Muslim', 'en', NULL, NULL, NULL),
(8, 4, 'مسلم', 'ar', NULL, NULL, NULL),
(9, 5, 'Baha\'i', 'en', NULL, NULL, NULL),
(10, 5, 'بهائية', 'ar', NULL, NULL, NULL),
(11, 6, 'Buddhist', 'en', NULL, NULL, NULL),
(12, 6, 'بوذي', 'ar', NULL, NULL, NULL),
(13, 7, 'Chinese Folk Religionist', 'en', NULL, NULL, NULL),
(14, 7, 'الديانة الصينية', 'ar', NULL, NULL, NULL),
(15, 8, 'Confucian', 'en', NULL, NULL, NULL),
(16, 8, 'ديانة صينية', 'ar', NULL, NULL, NULL),
(17, 9, 'Ethnic Religionist', 'en', NULL, NULL, NULL),
(18, 9, 'وثني', 'ar', NULL, NULL, NULL),
(19, 10, 'Hindu', 'en', NULL, NULL, NULL),
(20, 10, 'هندوسي', 'ar', NULL, NULL, NULL),
(21, 11, 'Jain', 'en', NULL, NULL, NULL),
(22, 11, 'روحي', 'ar', NULL, NULL, NULL),
(23, 12, 'Jewish', 'en', NULL, NULL, NULL),
(24, 12, 'يهودي', 'ar', NULL, NULL, NULL),
(25, 13, 'Nonreligious', 'en', NULL, NULL, NULL),
(26, 13, 'لا دين له', 'ar', NULL, NULL, NULL),
(27, 14, 'Other', 'en', NULL, NULL, NULL),
(28, 14, 'غير ذلك', 'ar', NULL, NULL, NULL),
(29, 15, 'Shintoist', 'en', NULL, NULL, NULL),
(30, 15, 'فطري', 'ar', NULL, NULL, NULL),
(31, 16, 'Sikh', 'en', NULL, NULL, NULL),
(32, 16, 'توحيدي', 'ar', NULL, NULL, NULL),
(33, 17, 'Spiritist', 'en', NULL, NULL, NULL),
(34, 17, 'روحاني', 'ar', NULL, NULL, NULL),
(35, 18, 'Unknown', 'en', NULL, NULL, NULL),
(36, 18, 'غير معروف', 'ar', NULL, NULL, NULL);

--
-- Dumping data for table `ideologies`
--

INSERT INTO `ideologies` (`id`, `religion_id`, `created_at`, `updated_at`, `deleted_at`) VALUES
(1, 2, '2019-05-19 02:56:03', '2019-05-19 02:56:03', NULL),
(2, 3, '2019-05-19 02:56:04', '2019-05-19 02:56:04', NULL),
(3, 3, '2019-05-19 02:56:04', '2019-05-19 02:56:04', NULL),
(4, 4, '2019-05-19 02:56:05', '2019-05-19 02:56:05', NULL),
(5, 4, '2019-05-19 02:56:05', '2019-05-19 02:56:05', NULL),
(6, 4, '2019-05-19 02:56:06', '2019-05-19 02:56:06', NULL),
(7, 6, '2019-05-19 02:56:06', '2019-05-19 02:56:06', NULL),
(8, 10, '2019-05-19 02:56:08', '2019-05-19 02:56:08', NULL),
(9, 12, '2019-05-19 02:56:09', '2019-05-19 02:56:09', NULL),
(10, 12, '2019-05-19 02:56:09', '2019-05-19 02:56:09', NULL);

--
-- Dumping data for table `ideology_translations`
--

INSERT INTO `ideology_translations` (`id`, `ideology_id`, `name`, `locale`, `created_at`, `updated_at`, `deleted_at`) VALUES
(1, 1, 'African Methodist Episcopal', 'en', NULL, NULL, NULL),
(2, 1, 'غير ذلك', 'ar', NULL, NULL, NULL),
(3, 2, '-', 'en', NULL, NULL, NULL),
(4, 2, '-', 'ar', NULL, NULL, NULL),
(5, 3, '-', 'en', NULL, NULL, NULL),
(6, 3, '-', 'ar', NULL, NULL, NULL),
(7, 4, 'Sunni', 'en', NULL, NULL, NULL),
(8, 4, 'سني', 'ar', NULL, NULL, NULL),
(9, 5, 'Shiite', 'en', NULL, NULL, NULL),
(10, 5, 'شيعي', 'ar', NULL, NULL, NULL),
(11, 6, 'Other', 'en', NULL, NULL, NULL),
(12, 6, 'غير ذلك', 'ar', NULL, NULL, NULL),
(13, 7, 'Mahayana', 'en', NULL, NULL, NULL),
(14, 7, 'غير ذلك', 'ar', NULL, NULL, NULL),
(15, 8, 'Other', 'en', NULL, NULL, NULL),
(16, 8, 'غير ذلك', 'ar', NULL, NULL, NULL),
(17, 9, 'Conservative', 'en', NULL, NULL, NULL),
(18, 9, 'أرثوذكسي', 'ar', NULL, NULL, NULL),
(19, 10, 'Orthodox', 'en', NULL, NULL, NULL),
(20, 10, 'غير ذلك', 'ar', NULL, NULL, NULL);
